snapshot_date,brand,market,source_url,url,home_key,community,address,lot,plan,status,price,prior_price,sqft,beds,baths,garage,incentive_text,raw_text,qa_flag,snapshot_file
2026-10-07,Trophy Signature Homes,DFW,https://trophysignaturehomes.com/homes/dallas-ft-worth,https://trophysignaturehomes.com/homes/dallas-ft-worth/mckinney/southridge/3612-valwood-drive,f60c9414b26490d3d6,Southridge,"3612 Valwood Drive McKinney, TX 75071",,Cedar,Est Completion | November 2026,280990,,,,,,,"$280,990 | 3612 Valwood Drive | McKinney, TX 75071 | 3 | Beds | 2 | Baths | 1,503 | SQ FT | Est Completion Date: | November 2026 | Community | Southridge | Floor Plan | Cedar | View Detail | As low as | $2,140",,2026-10-07.csv
2026-10-07,Trophy Signature Homes,DFW,https://trophysignaturehomes.com/homes/dallas-ft-worth,https://trophysignaturehomes.com/homes/dallas-ft-worth/mckinney/eastridge/807-knox-river-drive,dde34b9b40a55062b2,Eastridge,"807 Knox River Drive McKinney, TX 75071",,Cypress,Available | Now,309990,,,,,,,"$309,990 | Open | House | Tuesday & Thursday 12PM - 2PM | Saturday & Sunday 1PM - 3PM | 807 Knox River Drive | McKinney, TX 75071 | 4 | Beds | 3 | Baths | 1,703 | SQ FT | Available Date: | Now | Community | Eastridge | Floor Plan | Cypress | View Detail | As low as | $2,637",,2026-10-07.csv
2026-10-07,Trophy Signature Homes,DFW,https://trophysignaturehomes.com/homes/dallas-ft-worth,https://trophysignaturehomes.com/homes/dallas-ft-worth/aledo/morningstar/15121-ram-rock-drive,d08a3533e0274fd86f,Morningstar,"15121 Ram Rock Drive Aledo, TX 76008",,Emmy II,Available | Now,372490,,,,,,,"$372,490 | 15121 Ram Rock Drive | Aledo, TX 76008 | 4 | Beds | 2 | Baths | 1,818 | SQ FT | Available Date: | Now | Community | Morningstar | Floor Plan | Emmy II | View Detail | As low as | $3,310",,2026-10-07.csv
2026-10-07,Trophy Signature Homes,DFW,https://trophysignaturehomes.com/homes/dallas-ft-worth,https://trophysignaturehomes.com/homes/dallas-ft-worth/crowley/tesoro-at-chisholm-trail-ranch/6604-dusty-ridge-road,64914b73d476cc863c,Tesoro at Chisholm Trail Ranch,"6604 Dusty Ridge Road Crowley, TX 76036",,Oscar,Available | Now,357990,,,,,,,"$357,990 | 6604 Dusty Ridge Road | Crowley, TX 76036 | 4 | Beds | 3 | Baths | 2,131 | SQ FT | Available Date: | Now | Community | Tesoro at Chisholm Trail Ranch | Floor Plan | Oscar | View Detail | As low as | $3,131",,2026-10-07.csv
2026-10-07,Trophy Signature Homes,DFW,https://trophysignaturehomes.com/homes/dallas-ft-worth,https://trophysignaturehomes.com/homes/dallas-ft-worth/mckinney/eastridge/719-summerberry-drive,8b26beaf0b2a15a223,Eastridge,"719 Summerberry Drive McKinney, TX 75071",,Oscar,Available | Now,344990,,,,,,Savings Shown,"$344,990 | 353990 | Save: | $9,000 | 719 Summerberry Drive | McKinney, TX 75071 | 4 | Beds | 3 | Baths | 2,131 | SQ FT | Available Date: | Now | Community | Eastridge | Floor Plan | Oscar | View Detail | As low as | $2,972",,2026-10-07.csv
2026-10-07,Trophy Signature Homes,DFW,https://trophysignaturehomes.com/homes/dallas-ft-worth,https://trophysignaturehomes.com/homes/dallas-ft-worth/haslet/madero/1341-companero-street,74f944eb6c51dc8d58,Madero,"1341 Companero Street Haslet, TX 76052",,Stanley II,Est Completion | November 2026,384990,,,,,,,"$384,990 | 1341 Companero Street | Haslet, TX 76052 | 4 | Beds | 3 | Baths | 2,426 | SQ FT | Est Completion Date: | November 2026 | Community | Madero | Floor Plan | Stanley II | View Detail | As low as | $2,948",,2026-10-07.csv
2026-10-07,Trophy Signature Homes,DFW,https://trophysignaturehomes.com/homes/dallas-ft-worth,https://trophysignaturehomes.com/homes/dallas-ft-worth/lavon/trails-of-lavon/887-sunflower-road,cf665248711c841ce8,Trails of Lavon,"887 Sunflower Road Lavon, TX 75166",,Claret,Available | Now,384990,,,,,,Savings Shown,"$384,990 | 394990 | Save: | $10,000 | 887 Sunflower Road | Lavon, TX 75166 | 4 | Beds | 3 | Baths | 2,704 | SQ FT | Available Date: | Now | Community | Trails of Lavon | Floor Plan | Claret | View Detail | As low as | $3,365",,2026-10-07.csv
2026-10-07,Trophy Signature Homes,DFW,https://trophysignaturehomes.com/homes/dallas-ft-worth,https://trophysignaturehomes.com/homes/dallas-ft-worth/seagoville/stonehaven/1906-kentucky-trail,ccfe53552c40e54836,Stonehaven,"1906 Kentucky Trail Seagoville, TX 75159",,Holden,Available | Now,353990,,,,,,Savings Shown,"$353,990 | 363990 | Save: | $10,000 | Open | House | Tuesday & Thursday 12PM - 2PM | Saturday & Sunday 1PM - 3PM | 1906 Kentucky Trail | Seagoville, TX 75159 | 5 | Beds | 3 | Baths | 2,792 | SQ FT | Available Date: | Now | Community | Stonehaven | Floor Plan | Holden | View Detail | As low as | $3,009",,2026-10-07.csv
2026-10-07,Trophy Signature Homes,DFW,https://trophysignaturehomes.com/homes/dallas-ft-worth,https://trophysignaturehomes.com/homes/dallas-ft-worth/seagoville/stonehaven/2126-derby-drive,1e82d0ebbe0b4bdc61,Stonehaven,"2126 Derby Drive Seagoville, TX 75159",,Holden,Available | Now,346990,,,,,,Savings Shown,"$346,990 | 356990 | Save: | $10,000 | Open | House | Tuesday & Thursday 12PM - 2PM | Saturday & Sunday 1PM - 3PM | 2126 Derby Drive | Seagoville, TX 75159 | 5 | Beds | 3 | Baths | 2,801 | SQ FT | Available Date: | Now | Community | Stonehaven | Floor Plan | Holden | View Detail | As low as | $3,009",,2026-10-07.csv
2026-10-07,Trophy Signature Homes,DFW,https://trophysignaturehomes.com/homes/dallas-ft-worth,https://trophysignaturehomes.com/homes/dallas-ft-worth/waxahachie/dove-hollow/352-lacy-oak-lane,14737c69a7a5ca3f2a,Dove Hollow,"352 Lacy Oak Lane Waxahachie, TX 75165",,Winters,Est Completion | October 2026,457490,,,,,,,"$457,490 | 352 Lacy Oak Lane | Waxahachie, TX 75165 | 5 | Beds | 3 | Baths | 3,134 | SQ FT | Est Completion Date: | October 2026 | Community | Dove Hollow | Floor Plan | Winters | 3-Car Garage | View Detail | As low as | $4,678",,2026-10-07.csv
2026-10-07,Trophy Signature Homes,DFW,https://trophysignaturehomes.com/homes/dallas-ft-worth,https://trophysignaturehomes.com/homes/dallas-ft-worth/waxahachie/dove-hollow/429-hocking-hills-drive,821ca78639c9326c4f,Dove Hollow,"429 Hocking Hills Drive Waxahachie, TX 75165",,Wimbledon,Available | Now,469990,,,,,,,"$469,990 | 429 Hocking Hills Drive | Waxahachie, TX 75165 | 5 | Beds | 4 | Baths | 3,623 | SQ FT | Available Date: | Now | Community | Dove Hollow | Floor Plan | Wimbledon | Dove Hollow | View Detail | As low as | $3,837",,2026-10-07.csv
2026-10-07,Normandy Homes,DFW,https://normandyhomes.com/find-your-home/?bathrooms=any&bedrooms=any&city=any&payment=any&price=any&quick=true&size=any&stories=any,https://normandyhomes.com/communities/the-heights-at-uptown/341-walker-parkway-celina-tx-75009/,12389a3ae2641156c2,,"616 Taylor Parkway Celina, TX 75009",,,Ready January,377630,,,3.0,,,,"616 Taylor Parkway | Celina, TX 75009 | Ready January | 2,097 Sq. Ft. | 3 Beds | 2 & 1 Half Baths | 2 Stories | 2 Car Garage | $377,630 | View Listing | Virtual Tour | Montclair | at | Painted Tree - Woodland North",,2026-10-07.csv
