week,period_start,period_end,snapshot_date,segment,active,added_this_week,removed_sold_proxy,net_change,status
Week 1,2026-04-24,2026-04-30,2026-04-30,Total tracked,363,0,0,0,captured
Week 1,2026-04-24,2026-04-30,2026-04-30,Southgate Homes,15,0,0,0,captured
Week 1,2026-04-24,2026-04-30,2026-04-30,Trophy Signature Homes,348,N/A,N/A,N/A,captured
Week 1,2026-04-24,2026-04-30,2026-04-30,CB JENI Homes,0,N/A,N/A,N/A,no_rows
Week 1,2026-04-24,2026-04-30,2026-04-30,Normandy Homes,0,N/A,N/A,N/A,no_rows
Week 1,2026-04-24,2026-04-30,2026-04-30,Centre Living Homes,0,N/A,N/A,N/A,no_rows
Week 1,2026-04-24,2026-04-30,2026-04-30,The Providence Group,0,N/A,N/A,N/A,no_rows
Week 1,2026-04-24,2026-04-30,2026-04-30,GHO Homes,0,N/A,N/A,N/A,no_rows
Week 2,2026-05-01,2026-05-07,2026-05-07,Total tracked,347,38,54,-16,captured
Week 2,2026-05-01,2026-05-07,2026-05-07,Southgate Homes,14,1,2,-1,captured
Week 2,2026-05-01,2026-05-07,2026-05-07,Trophy Signature Homes,333,37,52,-15,captured
Week 2,2026-05-01,2026-05-07,2026-05-07,CB JENI Homes,0,N/A,N/A,N/A,no_rows
Week 2,2026-05-01,2026-05-07,2026-05-07,Normandy Homes,0,N/A,N/A,N/A,no_rows
Week 2,2026-05-01,2026-05-07,2026-05-07,Centre Living Homes,0,N/A,N/A,N/A,no_rows
Week 2,2026-05-01,2026-05-07,2026-05-07,The Providence Group,0,N/A,N/A,N/A,no_rows
Week 2,2026-05-01,2026-05-07,2026-05-07,GHO Homes,0,N/A,N/A,N/A,no_rows
Week 3,2026-05-08,2026-05-14,2026-05-14,Total tracked,690,87,51,+36,captured
Week 3,2026-05-08,2026-05-14,2026-05-14,Southgate Homes,14,1,1,0,captured
Week 3,2026-05-08,2026-05-14,2026-05-14,Trophy Signature Homes,374,79,38,+41,captured
Week 3,2026-05-08,2026-05-14,2026-05-14,CB JENI Homes,47,1,1,0,captured
Week 3,2026-05-08,2026-05-14,2026-05-14,Normandy Homes,63,1,3,-2,captured
Week 3,2026-05-08,2026-05-14,2026-05-14,Centre Living Homes,30,3,0,+3,captured
Week 3,2026-05-08,2026-05-14,2026-05-14,The Providence Group,127,2,6,-4,captured
Week 3,2026-05-08,2026-05-14,2026-05-14,GHO Homes,35,0,2,-2,captured
Week 4,2026-05-15,2026-05-21,2026-05-21,Total tracked,670,48,68,-20,captured
Week 4,2026-05-15,2026-05-21,2026-05-21,Southgate Homes,15,1,0,+1,captured
Week 4,2026-05-15,2026-05-21,2026-05-21,Trophy Signature Homes,354,32,52,-20,captured
Week 4,2026-05-15,2026-05-21,2026-05-21,CB JENI Homes,51,9,5,+4,captured
Week 4,2026-05-15,2026-05-21,2026-05-21,Normandy Homes,62,3,4,-1,captured
Week 4,2026-05-15,2026-05-21,2026-05-21,Centre Living Homes,31,2,1,+1,captured
Week 4,2026-05-15,2026-05-21,2026-05-21,The Providence Group,122,1,6,-5,captured
Week 4,2026-05-15,2026-05-21,2026-05-21,GHO Homes,35,0,0,0,captured
Week 5,2026-05-22,2026-05-28,2026-05-28,Total tracked,663,64,71,-7,captured
Week 5,2026-05-22,2026-05-28,2026-05-28,Southgate Homes,14,0,1,-1,captured
Week 5,2026-05-22,2026-05-28,2026-05-28,Trophy Signature Homes,347,27,34,-7,captured
Week 5,2026-05-22,2026-05-28,2026-05-28,CB JENI Homes,50,6,7,-1,captured
Week 5,2026-05-22,2026-05-28,2026-05-28,Normandy Homes,61,7,8,-1,captured
Week 5,2026-05-22,2026-05-28,2026-05-28,Centre Living Homes,38,15,8,+7,captured
Week 5,2026-05-22,2026-05-28,2026-05-28,The Providence Group,117,6,11,-5,captured
Week 5,2026-05-22,2026-05-28,2026-05-28,GHO Homes,36,3,2,+1,captured
Week 6,2026-05-29,2026-06-04,2026-06-04,Total tracked,654,58,67,-9,captured
Week 6,2026-05-29,2026-06-04,2026-06-04,Southgate Homes,12,0,2,-2,captured
Week 6,2026-05-29,2026-06-04,2026-06-04,Trophy Signature Homes,333,16,30,-14,captured
Week 6,2026-05-29,2026-06-04,2026-06-04,CB JENI Homes,53,11,8,+3,captured
Week 6,2026-05-29,2026-06-04,2026-06-04,Normandy Homes,70,12,3,+9,captured
Week 6,2026-05-29,2026-06-04,2026-06-04,Centre Living Homes,32,2,8,-6,captured
Week 6,2026-05-29,2026-06-04,2026-06-04,The Providence Group,117,15,15,0,captured
Week 6,2026-05-29,2026-06-04,2026-06-04,GHO Homes,37,2,1,+1,captured
Week 7,2026-06-05,2026-06-11,2026-06-11,Total tracked,640,36,50,-14,captured
Week 7,2026-06-05,2026-06-11,2026-06-11,Southgate Homes,13,1,0,+1,captured
Week 7,2026-06-05,2026-06-11,2026-06-11,Trophy Signature Homes,321,16,28,-12,captured
Week 7,2026-06-05,2026-06-11,2026-06-11,CB JENI Homes,48,5,10,-5,captured
Week 7,2026-06-05,2026-06-11,2026-06-11,Normandy Homes,70,6,6,0,captured
Week 7,2026-06-05,2026-06-11,2026-06-11,Centre Living Homes,35,3,0,+3,captured
Week 7,2026-06-05,2026-06-11,2026-06-11,The Providence Group,115,3,5,-2,captured
Week 7,2026-06-05,2026-06-11,2026-06-11,GHO Homes,38,2,1,+1,captured
Week 8,2026-06-12,2026-06-18,2026-06-18,Total tracked,660,83,63,+20,captured
Week 8,2026-06-12,2026-06-18,2026-06-18,Southgate Homes,15,2,0,+2,captured
Week 8,2026-06-12,2026-06-18,2026-06-18,Trophy Signature Homes,338,58,41,+17,captured
Week 8,2026-06-12,2026-06-18,2026-06-18,CB JENI Homes,51,9,6,+3,captured
Week 8,2026-06-12,2026-06-18,2026-06-18,Normandy Homes,67,0,3,-3,captured
Week 8,2026-06-12,2026-06-18,2026-06-18,Centre Living Homes,39,8,4,+4,captured
Week 8,2026-06-12,2026-06-18,2026-06-18,The Providence Group,113,5,7,-2,captured
Week 8,2026-06-12,2026-06-18,2026-06-18,GHO Homes,37,1,2,-1,captured
Week 9,2026-06-19,2026-06-25,2026-06-25,Total tracked,691,85,54,+31,captured
Week 9,2026-06-19,2026-06-25,2026-06-25,Southgate Homes,18,3,0,+3,captured
Week 9,2026-06-19,2026-06-25,2026-06-25,Trophy Signature Homes,360,52,30,+22,captured
Week 9,2026-06-19,2026-06-25,2026-06-25,CB JENI Homes,50,4,5,-1,captured
Week 9,2026-06-19,2026-06-25,2026-06-25,Normandy Homes,68,6,5,+1,captured
Week 9,2026-06-19,2026-06-25,2026-06-25,Centre Living Homes,39,2,2,0,captured
Week 9,2026-06-19,2026-06-25,2026-06-25,The Providence Group,121,17,9,+8,captured
Week 9,2026-06-19,2026-06-25,2026-06-25,GHO Homes,35,1,3,-2,captured
Week 10,2026-06-26,2026-07-02,2026-07-02,Total tracked,654,41,78,-37,captured
Week 10,2026-06-26,2026-07-02,2026-07-02,Southgate Homes,19,3,2,+1,captured
Week 10,2026-06-26,2026-07-02,2026-07-02,Trophy Signature Homes,345,22,37,-15,captured
Week 10,2026-06-26,2026-07-02,2026-07-02,CB JENI Homes,49,4,5,-1,captured
Week 10,2026-06-26,2026-07-02,2026-07-02,Normandy Homes,62,1,7,-6,captured
Week 10,2026-06-26,2026-07-02,2026-07-02,Centre Living Homes,38,2,3,-1,captured
Week 10,2026-06-26,2026-07-02,2026-07-02,The Providence Group,102,4,23,-19,captured
Week 10,2026-06-26,2026-07-02,2026-07-02,GHO Homes,39,5,1,+4,captured
Week 11,2026-07-03,2026-07-09,2026-07-09,Total tracked,644,39,49,-10,captured
Week 11,2026-07-03,2026-07-09,2026-07-09,Southgate Homes,19,0,0,0,captured
Week 11,2026-07-03,2026-07-09,2026-07-09,Trophy Signature Homes,336,21,30,-9,captured
Week 11,2026-07-03,2026-07-09,2026-07-09,CB JENI Homes,45,2,6,-4,captured
Week 11,2026-07-03,2026-07-09,2026-07-09,Normandy Homes,61,2,3,-1,captured
Week 11,2026-07-03,2026-07-09,2026-07-09,Centre Living Homes,41,5,2,+3,captured
Week 11,2026-07-03,2026-07-09,2026-07-09,The Providence Group,104,9,7,+2,captured
Week 11,2026-07-03,2026-07-09,2026-07-09,GHO Homes,38,0,1,-1,captured
Week 12,2026-07-10,2026-07-16,2026-07-16,Total tracked,654,49,39,+10,captured
Week 12,2026-07-10,2026-07-16,2026-07-16,Southgate Homes,19,0,0,0,captured
Week 12,2026-07-10,2026-07-16,2026-07-16,Trophy Signature Homes,332,21,25,-4,captured
Week 12,2026-07-10,2026-07-16,2026-07-16,CB JENI Homes,43,4,6,-2,captured
Week 12,2026-07-10,2026-07-16,2026-07-16,Normandy Homes,66,5,0,+5,captured
Week 12,2026-07-10,2026-07-16,2026-07-16,Centre Living Homes,43,3,1,+2,captured
Week 12,2026-07-10,2026-07-16,2026-07-16,The Providence Group,113,14,5,+9,captured
Week 12,2026-07-10,2026-07-16,2026-07-16,GHO Homes,38,2,2,0,captured
Week 13,2026-07-17,2026-07-23,2026-07-21,Total tracked,673,51,32,+19,captured
Week 13,2026-07-17,2026-07-23,2026-07-21,Southgate Homes,20,1,0,+1,captured
Week 13,2026-07-17,2026-07-23,2026-07-21,Trophy Signature Homes,349,34,17,+17,captured
Week 13,2026-07-17,2026-07-23,2026-07-21,CB JENI Homes,41,6,8,-2,captured
Week 13,2026-07-17,2026-07-23,2026-07-21,Normandy Homes,72,7,1,+6,captured
Week 13,2026-07-17,2026-07-23,2026-07-21,Centre Living Homes,41,0,2,-2,captured
Week 13,2026-07-17,2026-07-23,2026-07-21,The Providence Group,111,0,2,-2,captured
Week 13,2026-07-17,2026-07-23,2026-07-21,GHO Homes,39,3,2,+1,captured
